PassengerId,Survived,Pclass,Sex,Age,SibSp,Parch,Fare,Embarked
1,0,3,1,-0.5657364610748746,1,0,-0.5024451714361923,2
2,1,1,0,0.6638610320657843,1,0,0.7868452935884461,0
3,1,3,0,-0.2583370877897099,0,0,-0.4888542575852486,2
4,1,1,0,0.4333115021019107,1,0,0.4207302360686478,2
5,0,3,1,0.4333115021019107,0,0,-0.4863374216869257,2
6,0,3,1,-0.10463740114712752,0,0,-0.47811642890864375,1
7,0,1,1,1.893458525206443,0,0,0.395813560675251,2
8,0,3,1,-2.1027333275006983,3,1,-0.22408312108167944,2
9,1,3,0,-0.1814872444684187,0,2,-0.4242561406845337,2
10,1,2,0,-1.180535207645204,1,0,-0.04295550208861426,0
11,1,3,0,-1.949033640858116,1,1,-0.312172377522981,2
12,1,1,0,2.200857898491608,0,0,-0.11384570873513637,2
13,0,3,1,-0.719436147717457,0,0,-0.4863374216869257,2
14,0,3,1,0.7407108753870755,1,5,-0.01870931177853076,2
15,0,3,0,-1.180535207645204,0,0,-0.4902797934380587,2
16,1,2,0,1.9703083685277343,0,0,-0.3262666585535892,2
17,0,3,1,-2.1027333275006983,4,1,-0.06199888922968463,1
18,1,2,1,-0.10463740114712752,0,0,-0.3866707201133388,2
19,0,3,0,0.12591212881674602,1,0,-0.2859972841804228,2
20,1,3,0,-0.10463740114712752,0,0,-0.5029485386158568,0
21,0,2,1,0.4333115021019107,0,0,-0.12491978668775715,2
22,1,2,1,0.35646165878061953,0,0,-0.3866707201133388,2
23,1,3,0,-1.1036853643239128,0,0,-0.4867562231804066,1
24,1,1,1,-0.10463740114712752,0,0,0.06635974158478332,2
25,0,3,0,-1.6416342675729512,3,1,-0.22408312108167944,2
26,1,3,0,0.6638610320657843,1,5,-0.016444159470040135,2
27,0,3,1,-0.10463740114712752,0,0,-0.5029485386158568,0
28,0,1,1,-0.7962859910387481,3,2,4.647001076532463,2
29,1,3,0,-0.10463740114712752,0,0,-0.48977642625839407,1
30,0,3,1,-0.10463740114712752,0,0,-0.4894421904510968,2
31,0,1,1,0.8175607187083667,0,0,-0.09027201697708476,0
32,1,1,0,-0.10463740114712752,1,0,2.301728820789,0
33,1,3,0,-0.10463740114712752,0,0,-0.49237782784290063,1
34,0,2,1,2.8156566450619374,0,0,-0.43700743807979686,2
35,0,1,1,-0.10463740114712752,1,0,1.0060617003323709,0
36,0,1,1,0.9712604053509489,1,0,0.39858208016340624,2
37,1,3,1,-0.10463740114712752,0,0,-0.5028639729296732,0
38,0,3,1,-0.6425863043961658,0,0,-0.4863374216869257,2
39,0,3,0,-0.8731358343600393,2,0,-0.2859972841804228,2
40,1,3,0,-1.180535207645204,1,0,-0.42207354059350805,0
41,0,3,0,0.8175607187083667,1,0,-0.4576454924460446,2
42,0,2,0,-0.1814872444684187,1,0,-0.22559322262067316,2
43,0,3,1,-0.10463740114712752,0,0,-0.4894421904510968,0
44,1,2,0,-2.025883484179407,1,2,0.18876253192945994,0
45,1,3,0,-0.7962859910387481,0,0,-0.48977642625839407,1
46,0,3,1,-0.10463740114712752,0,0,-0.4863374216869257,2
47,0,3,1,-0.10463740114712752,1,0,-0.3363340021468808,1
48,1,3,0,-0.10463740114712752,0,0,-0.49237782784290063,1
49,0,3,1,-0.10463740114712752,2,0,-0.21191774308354583,0
50,0,3,0,-0.8731358343600393,1,0,-0.29002422161773944,2
51,0,3,1,-1.7184841108942424,4,1,0.1506737441786005,2
52,0,3,1,-0.6425863043961658,0,0,-0.4913710934835715,2
53,1,1,0,1.5092093085999871,1,0,0.8964967865378598,0
54,1,2,0,-0.027787557825836348,1,0,-0.12491978668775715,2
55,0,1,1,2.738806801740646,0,1,0.5995101505357573,0
56,1,1,1,-0.10463740114712752,0,0,0.06635974158478332,2
57,1,2,0,-0.6425863043961658,0,0,-0.43700743807979686,2
58,0,3,1,-0.06621247948648194,0,0,-0.5028639729296732,0
59,1,2,0,-1.8721837975368247,1,2,-0.08968408411123653,2
60,0,3,1,-1.4110847376090776,5,2,0.2958951755118318,2
61,0,3,1,-0.5657364610748746,0,0,-0.5028639729296732,0
62,1,1,0,0.6638610320657843,0,0,0.962353321387736,2
63,0,1,1,1.2018099353148226,1,0,1.0323213593611125,2
64,0,3,1,-1.949033640858116,3,2,-0.08666388103324908,2
65,0,1,1,-0.10463740114712752,0,0,-0.09027201697708476,0
66,1,3,1,-0.10463740114712752,1,1,-0.3414522396297103,0
67,1,2,0,-0.027787557825836348,0,0,-0.43700743807979686,2
68,0,3,1,-0.7962859910387481,0,0,-0.4841568350646187,2
69,1,3,0,-0.9499856776813305,4,2,-0.4888542575852486,2
70,0,3,1,-0.2583370877897099,2,0,-0.47400492578514347,2
71,0,2,1,0.20276197213803718,0,0,-0.43700743807979686,2
72,0,3,0,-1.0268355210026217,5,2,0.2958951755118318,2
73,0,2,1,-0.6425863043961658,0,0,0.8314778546749452,2
74,0,3,1,-0.2583370877897099,1,0,-0.3573908580066095,0
75,1,3,1,0.20276197213803718,0,0,0.48910360681684706,2
76,0,3,1,-0.33518693111100106,0,0,-0.494391296561559,2
77,0,3,1,-0.10463740114712752,0,0,-0.4894421904510968,2
78,0,3,1,-0.10463740114712752,0,0,-0.4863374216869257,2
79,1,2,1,-2.192647644186609,0,2,-0.06451572512800753,2
80,1,3,0,0.04906228549545483,0,0,-0.397241430886295,2
81,0,3,1,-0.5657364610748746,0,0,-0.46720946885967163,2
82,1,3,1,-0.027787557825836348,0,0,-0.45714212526638004,2
83,1,3,0,-0.10463740114712752,0,0,-0.49162277707340374,1
84,0,1,1,-0.10463740114712752,0,0,0.29992211294914856,2
85,1,2,0,-0.9499856776813305,0,0,-0.43700743807979686,2
86,1,3,0,0.27961181545932834,3,0,-0.32928686163157667,2
87,0,3,1,-1.0268355210026217,1,3,0.04370821849987721,2
88,0,3,1,-0.10463740114712752,0,0,-0.4863374216869257,2
89,1,1,0,-0.48888661775358344,3,2,4.647001076532463,2
90,0,3,1,-0.41203677443229225,0,0,-0.4863374216869257,2
91,0,3,1,-0.027787557825836348,0,0,-0.4863374216869257,2
92,0,3,1,-0.719436147717457,0,0,-0.4902797934380587,2
93,0,1,1,1.2786597786361138,1,0,0.5833178351003071,2
94,0,3,1,-0.2583370877897099,1,2,-0.23415046467497105,2
95,0,3,1,2.277707741812899,0,0,-0.5024451714361923,2
96,0,3,1,-0.10463740114712752,0,0,-0.4863374216869257,2
97,0,1,1,3.1999058616683933,0,0,0.0493298231623713,0
98,1,1,1,-0.48888661775358344,0,1,0.6272778976347743,0
99,1,2,0,0.35646165878061953,0,1,-0.18532384824750675,2
100,0,2,1,0.35646165878061953,1,0,-0.12491978668775715,2
101,0,3,0,-0.10463740114712752,0,0,-0.4894421904510968,2
102,0,3,1,-0.10463740114712752,0,0,-0.4894421904510968,2
103,0,1,1,-0.6425863043961658,0,1,0.907737982394129,2
104,0,3,1,0.27961181545932834,0,0,-0.4741720436887921,2
105,0,3,1,0.5870111887444931,2,0,-0.4888542575852486,2
106,0,3,1,-0.10463740114712752,0,0,-0.4894421904510968,2
107,1,3,0,-0.6425863043961658,0,0,-0.494391296561559,2
108,1,3,1,-0.10463740114712752,0,0,-0.4918744606632361,2
109,0,3,1,0.6638610320657843,0,0,-0.4894421904510968,2
110,1,3,0,-0.10463740114712752,1,0,-0.1621689579829361,1
111,0,1,1,1.3555096219574048,0,0,0.39858208016340624,2
112,0,3,0,-1.1421102859845584,1,0,-0.3573908580066095,0
113,0,3,1,-0.5657364610748746,0,0,-0.4863374216869257,2
114,0,3,0,-0.719436147717457,1,0,-0.4505983519307405,2
115,0,3,0,-0.9499856776813305,0,0,-0.3573083057891445,0
116,0,3,1,-0.6425863043961658,0,0,-0.4888542575852486,2
117,0,3,1,3.1614809400077477,0,0,-0.49237782784290063,1
118,0,2,1,-0.027787557825836348,1,0,-0.22559322262067316,2
119,0,1,1,-0.41203677443229225,0,1,4.335332226633905,0
120,0,3,0,-2.1027333275006983,4,2,-0.01870931177853076,2
121,0,2,1,-0.6425863043961658,2,0,0.8314778546749452,2
122,0,3,1,-0.10463740114712752,0,0,-0.4863374216869257,2
123,0,2,1,0.24118689379868277,1,0,-0.04295550208861426,0
124,1,2,0,0.24118689379868277,0,0,-0.3866707201133388,2
125,0,1,1,1.893458525206443,0,1,0.907737982394129,2
126,1,3,1,-1.3342348942877864,1,0,-0.42207354059350805,0
127,0,3,1,-0.10463740114712752,0,0,-0.49237782784290063,1
128,1,3,1,-0.41203677443229225,0,0,-0.5046257580584992,2
129,1,3,0,-0.10463740114712752,1,1,-0.19824427701513722,0
130,0,3,1,1.2018099353148226,0,0,-0.5079822104125026,2
131,0,3,1,0.27961181545932834,0,0,-0.4894421904510968,0
132,0,3,1,-0.719436147717457,0,0,-0.5064721088735089,2
133,0,3,0,1.3555096219574048,1,0,-0.35646868933346404,2
134,1,2,0,-0.027787557825836348,1,0,-0.12491978668775715,2
135,0,2,1,-0.33518693111100106,0,0,-0.3866707201133388,2
136,0,2,1,-0.48888661775358344,0,0,-0.3454791770670269,0
137,1,1,0,-0.7962859910387481,0,2,-0.11921562980779811,2
138,0,1,1,0.5870111887444931,1,0,0.4207302360686478,2
139,0,3,1,-1.0268355210026217,0,0,-0.4628462821463391,2
140,0,1,1,-0.41203677443229225,0,0,0.9462455716384695,0
141,0,3,0,-0.10463740114712752,0,2,-0.3414522396297103,0
142,1,3,0,-0.5657364610748746,0,0,-0.49237782784290063,2
143,1,3,0,-0.41203677443229225,1,0,-0.32928686163157667,2
144,0,3,1,-0.7962859910387481,0,0,-0.5125125150294839,1
145,0,2,1,-0.8731358343600393,0,0,-0.41687275089321363,2
146,0,2,1,-0.7962859910387481,1,1,0.09152810056801232,2
147,1,3,1,-0.1814872444684187,0,0,-0.49145565916975514,2
148,0,3,0,-1.56478442425166,2,2,0.04370821849987721,2
149,0,2,1,0.5485862670838475,0,2,-0.12491978668775715,2
150,0,2,1,0.9712604053509489,0,0,-0.3866707201133388,2
151,0,2,1,1.6629089952425695,0,0,-0.39623469652696586,2
152,1,1,0,-0.5657364610748746,1,0,0.6925485130875209,2
153,0,3,1,2.00873329018838,0,0,-0.4863374216869257,2
154,0,3,1,0.8559856403690123,0,2,-0.35646868933346404,2
155,0,3,1,-0.10463740114712752,0,0,-0.5011867534870308,2
156,0,1,1,1.6629089952425695,0,1,0.5874293382238074,0
157,1,3,0,-1.0268355210026217,0,0,-0.49271407711891657,1
158,0,3,1,0.04906228549545483,0,0,-0.4863374216869257,2
159,0,3,1,-0.10463740114712752,0,0,-0.47400492578514347,2
160,0,3,1,-0.10463740114712752,8,2,0.7519458402879414,2
161,0,3,1,1.1249600919935314,0,1,-0.32425318983493084,2
162,1,2,0,0.8175607187083667,0,0,-0.331300330350235,2
163,0,3,1,-0.2583370877897099,0,0,-0.4918744606632361,2
164,0,3,1,-0.9499856776813305,0,0,-0.47400492578514347,2
165,0,3,1,-2.1795831708219895,4,1,0.1506737441786005,2
166,1,3,1,-1.56478442425166,0,2,-0.2351571990343002,2
167,1,1,0,-0.10463740114712752,0,1,0.4589861417231558,2
168,0,3,0,1.2018099353148226,1,4,-0.08666388103324908,2
169,0,1,1,-0.10463740114712752,0,0,-0.12642988822675086,2
170,0,3,1,-0.10463740114712752,0,0,0.48910360681684706,2
171,0,1,1,2.4314074284554814,0,0,0.026090367211616904,2
172,0,3,1,-1.949033640858116,4,1,-0.06199888922968463,1
173,1,3,0,-2.1795831708219895,1,1,-0.4242561406845337,2
174,0,3,1,-0.6425863043961658,0,0,-0.4888542575852486,2
175,0,1,1,2.0471582118490255,0,0,-0.030371322596999754,0
176,0,3,1,-0.8731358343600393,1,1,-0.4902797934380587,2
177,0,3,1,-0.10463740114712752,3,1,-0.13565761536436197,2
178,0,1,0,1.5860591519212783,0,0,-0.07030444769415023,0
179,0,2,1,0.04906228549545483,0,0,-0.3866707201133388,2
180,0,3,1,0.5101613454232019,0,0,-0.6484216535389205,2
181,0,3,0,-0.10463740114712752,8,2,0.7519458402879414,2
182,0,2,1,-0.10463740114712752,0,0,-0.34539461138084326,0
183,0,3,1,-1.56478442425166,4,2,-0.016444159470040135,2
184,1,2,1,-2.1795831708219895,2,1,0.13683114673782454,2
185,1,3,0,-1.949033640858116,0,2,-0.20495516825442542,2
186,0,1,1,-0.10463740114712752,0,0,0.3583127057902398,2
187,1,3,0,-0.10463740114712752,1,0,-0.3363340021468808,1
188,1,1,1,1.2018099353148226,0,0,-0.11384570873513637,2
189,0,3,1,0.8175607187083667,1,1,-0.3363340021468808,1
190,0,3,1,0.5101613454232019,0,0,-0.4894421904510968,2
191,1,2,0,0.20276197213803718,0,0,-0.3866707201133388,2
192,0,2,1,-0.7962859910387481,0,0,-0.3866707201133388,2
193,1,3,0,-0.7962859910387481,1,0,-0.4902797934380587,2
194,1,2,1,-2.025883484179407,1,1,-0.12491978668775715,2
195,1,1,0,1.1249600919935314,0,0,-0.09027201697708476,0
196,1,1,0,2.200857898491608,0,0,2.301728820789,0
197,0,3,1,-0.10463740114712752,0,0,-0.49237782784290063,1
198,0,3,1,0.9712604053509489,0,1,-0.47920571548543794,2
199,1,3,0,-0.10463740114712752,0,0,-0.49237782784290063,1
200,0,2,0,-0.41203677443229225,0,0,-0.3866707201133388,2
201,0,3,1,-0.10463740114712752,0,0,-0.45714212526638004,2
202,0,3,1,-0.10463740114712752,8,2,0.7519458402879414,2
203,0,3,1,0.35646165878061953,0,0,-0.5176307525123133,2
204,0,3,1,1.2402348569754682,0,0,-0.5029485386158568,0
205,1,3,1,-0.8731358343600393,0,0,-0.4863374216869257,2
206,0,3,0,-2.1027333275006983,0,1,-0.43776248884929375,2
207,0,3,1,0.20276197213803718,1,0,-0.32928686163157667,2
208,1,3,1,-0.2583370877897099,0,0,-0.2701412180209885,0
209,1,3,0,-1.0268355210026217,0,0,-0.49237782784290063,1
210,1,1,1,0.8175607187083667,0,0,-0.024246350754841113,0
211,0,3,1,-0.41203677443229225,0,0,-0.5064721088735089,2
212,1,2,0,0.4333115021019107,0,0,-0.22559322262067316,2
213,0,3,1,-0.5657364610748746,0,0,-0.5024451714361923,2
214,0,2,1,0.04906228549545483,0,0,-0.3866707201133388,2
215,0,3,1,-0.10463740114712752,1,0,-0.49237782784290063,1
216,1,1,0,0.12591212881674602,1,0,1.6323350375212924,0
217,1,3,0,-0.1814872444684187,0,0,-0.4888542575852486,2
218,0,2,1,0.9712604053509489,1,0,-0.10478509950117394,2
219,1,1,0,0.20276197213803718,0,0,0.8876878608937296,0
220,0,2,1,0.04906228549545483,0,0,-0.43700743807979686,2
221,1,3,1,-1.0268355210026217,0,0,-0.4863374216869257,2
222,0,2,1,-0.1814872444684187,0,0,-0.3866707201133388,2
223,0,3,1,1.6629089952425695,0,0,-0.4863374216869257,2
224,0,3,1,-0.10463740114712752,0,0,-0.4894421904510968,2
225,1,1,1,0.6638610320657843,1,0,1.163700193253568,2
226,0,3,1,-0.5657364610748746,0,0,-0.4601623283443675,2
227,1,2,1,-0.7962859910387481,0,0,-0.43700743807979686,2
228,0,3,1,-0.6810112260568114,0,0,-0.5024451714361923,2
229,0,2,1,-0.8731358343600393,0,0,-0.3866707201133388,2
230,0,3,0,-0.10463740114712752,3,1,-0.13565761536436197,2
231,1,1,0,0.4333115021019107,1,0,1.0323213593611125,2
232,0,3,1,-0.027787557825836348,0,0,-0.4918744606632361,2
233,0,2,1,2.277707741812899,0,0,-0.3766033765200472,2
234,1,3,0,-1.8721837975368247,4,2,-0.016444159470040135,2
235,0,2,1,-0.41203677443229225,0,0,-0.43700743807979686,2
236,0,3,0,-0.10463740114712752,0,0,-0.49640476528021726,2
237,0,2,1,1.1249600919935314,1,0,-0.12491978668775715,2
238,1,2,0,-1.6416342675729512,0,2,-0.11988611489111134,2
239,0,2,1,-0.7962859910387481,0,0,-0.43700743807979686,2
240,0,2,1,0.27961181545932834,0,0,-0.4012683683236117,2
241,0,3,0,-0.10463740114712752,1,0,-0.3573908580066095,0
242,1,3,0,-0.10463740114712752,1,0,-0.3363340021468808,1
243,0,2,1,-0.027787557825836348,0,0,-0.43700743807979686,2
244,0,3,1,-0.5657364610748746,0,0,-0.5049620073345151,2
245,0,3,1,0.04906228549545483,0,0,-0.5029485386158568,0
246,0,1,1,1.1249600919935314,2,0,1.163700193253568,1
247,0,3,0,-0.33518693111100106,0,0,-0.4918744606632361,2
248,1,2,0,-0.41203677443229225,0,2,-0.35646868933346404,2
249,1,1,1,0.5870111887444931,1,1,0.40974072380221066,2
250,0,2,1,1.893458525206443,1,0,-0.12491978668775715,2
251,0,3,1,-0.10463740114712752,0,0,-0.5024451714361923,2
252,0,3,0,-0.027787557825836348,1,1,-0.43776248884929375,2
253,0,1,1,2.5082572717767726,0,0,-0.11384570873513637,2
254,0,3,1,0.04906228549545483,1,0,-0.32425318983493084,2
255,0,3,0,0.8944105620296577,0,2,-0.2414492887801075,2
256,1,3,0,-0.027787557825836348,0,2,-0.3414522396297103,0
257,1,1,0,-0.10463740114712752,0,0,0.9462455716384695,0
258,1,1,0,0.04906228549545483,0,0,1.093228788100527,2
259,1,1,0,0.4333115021019107,0,0,9.667166525013505,0
260,1,2,0,1.5860591519212783,0,1,-0.12491978668775715,2
261,0,3,1,-0.10463740114712752,0,0,-0.49237782784290063,1
262,1,3,1,-2.025883484179407,4,2,-0.016444159470040135,2
263,0,1,1,1.7397588385638607,1,1,0.955306180872432,2
264,0,1,1,0.8175607187083667,0,0,-0.6484216535389205,2
265,0,3,0,-0.10463740114712752,0,0,-0.49237782784290063,1
266,0,2,1,0.5101613454232019,0,0,-0.43700743807979686,2
267,0,3,1,-1.0268355210026217,4,1,0.1506737441786005,2
268,1,3,1,-0.33518693111100106,1,0,-0.4918744606632361,2
269,1,1,0,2.200857898491608,0,1,2.441497778832105,2
270,1,1,0,0.4333115021019107,0,0,2.0825124140450755,2
271,0,1,1,-0.10463740114712752,0,0,-0.024246350754841113,2
272,1,3,1,-0.33518693111100106,0,0,-0.6484216535389205,2
273,1,2,0,0.8944105620296577,0,1,-0.255795253400548,2
274,0,1,1,0.5870111887444931,0,1,-0.05042144409739929,0
275,1,3,0,-0.10463740114712752,0,0,-0.49237782784290063,1
276,1,1,0,2.585107115098064,1,0,0.921244330558889,2
277,0,3,0,1.2018099353148226,0,0,-0.49237782784290063,2
278,0,2,1,-0.10463740114712752,0,0,-0.6484216535389205,2
279,0,3,1,-1.7184841108942424,4,1,-0.06199888922968463,1
280,1,3,0,0.4333115021019107,1,1,-0.24069423801061057,2
281,0,3,1,2.738806801740646,0,0,-0.49237782784290063,1
282,0,3,1,-0.10463740114712752,0,0,-0.4902797934380587,2
283,0,3,1,-1.0268355210026217,0,0,-0.45714212526638004,2
284,1,3,1,-0.7962859910387481,0,0,-0.4863374216869257,2
285,0,1,1,-0.10463740114712752,0,0,-0.12491978668775715,2
286,0,3,1,0.27961181545932834,0,0,-0.47400492578514347,0
287,1,3,1,0.04906228549545483,0,0,-0.45714212526638004,2
288,0,3,1,-0.5657364610748746,0,0,-0.4894421904510968,2
289,1,2,1,0.9712604053509489,0,0,-0.3866707201133388,2
290,1,3,0,-0.5657364610748746,0,0,-0.49237782784290063,1
291,1,1,0,-0.2583370877897099,0,0,0.9391984311231651,2
292,1,1,0,-0.7962859910387481,1,0,1.1854295476653287,0
293,0,2,1,0.5101613454232019,0,0,-0.3891875560116617,0
294,0,3,0,-0.41203677443229225,0,0,-0.4702296719376591,2
295,0,3,1,-0.41203677443229225,0,0,-0.4894421904510968,2
296,0,1,1,-0.10463740114712752,0,0,-0.09027201697708476,0
297,0,3,1,-0.45046169609293785,0,0,-0.5028639729296732,0
298,0,1,0,-2.1027333275006983,1,2,2.4029901895877646,2
299,1,1,1,-0.10463740114712752,0,0,-0.034313694348132716,2
300,1,1,0,1.5860591519212783,0,1,4.335332226633905,0
301,1,3,0,-0.10463740114712752,0,0,-0.49237782784290063,1
302,1,3,1,-0.10463740114712752,2,0,-0.18029017645086096,1
303,0,3,1,-0.7962859910387481,0,0,-0.6484216535389205,2
304,1,2,0,-0.10463740114712752,0,0,-0.3997582667846179,1
305,0,3,1,-0.10463740114712752,0,0,-0.4863374216869257,2
306,1,1,1,-2.1857311582876924,1,2,2.4029901895877646,2
307,1,1,0,-0.10463740114712752,0,0,1.5841789061771412,0
308,1,1,0,-0.9499856776813305,1,0,1.5442457810799908,0
309,0,2,1,0.04906228549545483,1,0,-0.16518916106092355,0
310,1,1,0,0.04906228549545483,0,0,0.49782998024351216,0
311,1,1,0,-0.41203677443229225,0,0,1.0259447039291216,0
312,1,1,0,-0.8731358343600393,2,2,4.634416897040849,0
313,0,2,0,-0.2583370877897099,1,1,-0.12491978668775715,2
314,0,3,1,-0.10463740114712752,0,0,-0.4894421904510968,2
315,0,2,1,1.0481102486722402,1,1,-0.11988611489111134,2
316,1,3,0,-0.2583370877897099,0,0,-0.4902797934380587,2
317,1,2,0,-0.41203677443229225,1,0,-0.12491978668775715,2
318,0,2,1,1.893458525206443,0,0,-0.36653603292675563,2
319,1,1,0,0.12591212881674602,0,2,2.671117778445337,2
320,1,1,0,0.8175607187083667,1,1,2.059693773056521,0
321,0,3,1,-0.5657364610748746,0,0,-0.5024451714361923,2
322,0,3,1,-0.1814872444684187,0,0,-0.4894421904510968,2
323,1,2,0,0.04906228549545483,0,0,-0.3997582667846179,1
324,1,2,0,-0.5657364610748746,1,1,-0.06451572512800753,2
325,0,3,1,-0.10463740114712752,8,2,0.7519458402879414,2
326,1,1,0,0.5101613454232019,0,0,2.0825124140450755,0
327,0,3,1,2.4314074284554814,0,0,-0.5228315422126077,2
328,1,2,0,0.5101613454232019,0,0,-0.3866707201133388,2
329,1,3,0,0.12591212881674602,1,1,-0.2351571990343002,2
330,1,1,0,-1.0268355210026217,0,1,0.5189714017894245,0
331,1,3,0,-0.10463740114712752,2,0,-0.18029017645086096,1
332,0,1,1,1.2402348569754682,0,0,-0.07458306872129913,2
333,0,1,1,0.6638610320657843,0,1,2.441497778832105,2
334,0,3,1,-1.0268355210026217,2,0,-0.2859972841804228,2
335,1,1,0,-0.10463740114712752,1,0,2.042579288947925,2
336,0,3,1,-0.10463740114712752,0,0,-0.4894421904510968,2
337,0,1,1,-0.027787557825836348,1,0,0.6925485130875209,2
338,1,1,0,0.8944105620296577,0,0,2.059693773056521,0
339,1,3,1,1.2018099353148226,0,0,-0.4863374216869257,2
340,0,1,1,1.2018099353148226,0,0,0.06635974158478332,2
341,1,2,1,-2.1027333275006983,1,1,-0.12491978668775715,2
342,1,1,0,-0.41203677443229225,3,2,4.647001076532463,2
343,0,2,1,-0.10463740114712752,0,0,-0.3866707201133388,2
344,0,2,1,-0.33518693111100106,0,0,-0.3866707201133388,2
345,0,2,1,0.5101613454232019,0,0,-0.3866707201133388,2
346,1,2,0,-0.41203677443229225,0,0,-0.3866707201133388,2
347,1,2,0,0.8175607187083667,0,0,-0.3866707201133388,2
348,1,3,0,-0.10463740114712752,1,0,-0.32425318983493084,2
349,1,3,1,-2.025883484179407,1,1,-0.32828012727224753,2
350,0,3,1,0.9712604053509489,0,0,-0.47400492578514347,2
351,0,3,1,-0.48888661775358344,0,0,-0.4626791642426904,2
352,0,1,1,-0.10463740114712752,0,0,0.05629239799149171,2
353,0,3,1,-1.1036853643239128,1,1,-0.5028639729296732,0
354,0,3,1,-0.33518693111100106,1,0,-0.29002422161773944,2
355,0,3,1,-0.10463740114712752,0,0,-0.5029485386158568,0
356,0,3,1,-0.10463740114712752,0,0,-0.45714212526638004,2
357,1,1,0,-0.5657364610748746,0,1,0.4589861417231558,2
358,0,2,0,0.6638610320657843,0,0,-0.3866707201133388,2
359,1,3,0,-0.10463740114712752,0,0,-0.48977642625839407,1
360,1,3,0,-0.10463740114712752,0,0,-0.48977642625839407,1
361,0,3,1,0.8175607187083667,1,4,-0.08666388103324908,2
362,0,2,1,-0.027787557825836348,1,0,-0.09027201697708476,0
363,0,3,0,1.2018099353148226,0,1,-0.3573908580066095,0
364,0,3,1,0.4333115021019107,0,0,-0.5064721088735089,2
365,0,3,1,-0.10463740114712752,1,0,-0.3363340021468808,1
366,0,3,1,0.04906228549545483,0,0,-0.5024451714361923,2
367,1,1,0,2.3545575851341902,1,0,0.8667135572514657,0
368,1,3,0,-0.10463740114712752,0,0,-0.5028639729296732,0
369,1,3,0,-0.10463740114712752,0,0,-0.49237782784290063,1
370,1,1,0,-0.41203677443229225,0,0,0.7469121684912956,0
371,1,1,1,-0.33518693111100106,1,0,0.4678796330534696,0
372,0,3,1,-0.8731358343600393,1,0,-0.5176307525123133,2
373,0,3,1,-0.7962859910387481,0,0,-0.4863374216869257,2
374,0,1,1,-0.5657364610748746,0,0,2.0825124140450755,0
375,0,3,0,-2.025883484179407,3,1,-0.22408312108167944,2
376,1,1,0,-0.10463740114712752,1,0,1.0060617003323709,0
377,1,3,0,-0.5657364610748746,0,0,-0.5024451714361923,2
378,0,1,1,-0.1814872444684187,0,2,3.610064686423428,0
379,0,3,1,-0.719436147717457,0,0,-0.5676312212027554,0
380,0,3,1,-0.7962859910387481,0,0,-0.4918744606632361,2
381,1,1,0,0.9712604053509489,0,0,3.9327230485884233,0
382,1,3,0,-2.1795831708219895,0,2,-0.33146744825388363,0
383,0,3,1,0.20276197213803718,0,0,-0.4888542575852486,2
384,1,1,0,0.4333115021019107,1,0,0.39858208016340624,2
385,0,3,1,-0.10463740114712752,0,0,-0.4894421904510968,2
386,0,2,1,-0.8731358343600393,0,0,0.8314778546749452,2
387,0,3,1,-2.1795831708219895,5,2,0.2958951755118318,2
388,1,2,0,0.5101613454232019,0,0,-0.3866707201133388,2
389,0,3,1,-0.10463740114712752,0,0,-0.49279662933638163,1
390,1,2,0,-0.9499856776813305,0,0,-0.40680540729992204,0
391,1,1,1,0.5101613454232019,1,2,1.7677408088510642,2
392,1,3,1,-0.6425863043961658,0,0,-0.49145565916975514,2
393,0,3,1,-0.10463740114712752,2,0,-0.4888542575852486,2
394,1,1,0,-0.48888661775358344,1,0,1.6323350375212924,0
395,1,3,0,-0.41203677443229225,0,2,-0.312172377522981,2
396,0,3,1,-0.5657364610748746,0,0,-0.49145565916975514,2
397,0,3,0,0.12591212881674602,0,0,-0.4902797934380587,2
398,0,2,1,1.2786597786361138,0,0,-0.12491978668775715,2
399,0,2,1,-0.48888661775358344,0,0,-0.43700743807979686,2
400,1,2,0,-0.10463740114712752,0,0,-0.393717860628643,2
401,1,3,1,0.7407108753870755,0,0,-0.4888542575852486,2
402,0,3,1,-0.2583370877897099,0,0,-0.4863374216869257,2
403,0,3,0,-0.6425863043961658,1,0,-0.4505983519307405,2
404,0,3,1,-0.10463740114712752,1,0,-0.32928686163157667,2
405,0,3,0,-0.719436147717457,0,0,-0.47400492578514347,2
406,0,2,1,0.35646165878061953,1,0,-0.22559322262067316,2
407,0,3,1,1.6629089952425695,0,0,-0.49237782784290063,2
408,1,2,1,-2.025883484179407,1,1,-0.2708962687904854,2
409,0,3,1,-0.6425863043961658,0,0,-0.4918744606632361,2
410,0,3,0,-0.10463740114712752,3,1,-0.13565761536436197,2
411,0,3,1,-0.10463740114712752,0,0,-0.4894421904510968,2
412,0,3,1,-0.10463740114712752,0,0,-0.5103319284071769,1
413,1,1,0,0.27961181545932834,1,0,1.163700193253568,1
414,0,2,1,-0.10463740114712752,0,0,-0.6484216535389205,2
415,1,3,1,1.1249600919935314,0,0,-0.4888542575852486,2
416,0,3,0,-0.10463740114712752,0,0,-0.4863374216869257,2
417,1,2,0,0.35646165878061953,1,1,0.005955680025033696,2
418,1,2,0,-0.8731358343600393,0,2,-0.3866707201133388,2
419,0,2,1,0.04906228549545483,0,0,-0.3866707201133388,2
420,0,3,0,-1.4879345809303688,0,2,-0.1621689579829361,2
421,0,3,1,-0.10463740114712752,0,0,-0.4894421904510968,0
422,0,3,1,-0.6425863043961658,0,0,-0.49271407711891657,1
423,0,3,1,-0.027787557825836348,0,0,-0.4898609919445778,2
424,0,3,0,-0.10463740114712752,1,1,-0.35848215805212236,2
425,0,3,1,-0.8731358343600393,1,1,-0.2414492887801075,2
426,0,3,1,-0.10463740114712752,0,0,-0.5024451714361923,2
427,1,2,0,-0.10463740114712752,1,0,-0.12491978668775715,2
428,1,2,0,-0.7962859910387481,0,0,-0.12491978668775715,2
429,0,3,1,-0.10463740114712752,0,0,-0.49237782784290063,1
430,1,3,1,0.20276197213803718,0,0,-0.4863374216869257,2
431,1,1,1,-0.10463740114712752,0,0,-0.11384570873513637,2
432,1,3,0,-0.10463740114712752,1,0,-0.32425318983493084,2
433,1,2,0,0.9712604053509489,1,0,-0.12491978668775715,2
434,0,3,1,-0.9499856776813305,0,0,-0.5049620073345151,2
435,0,1,1,1.5860591519212783,1,0,0.4771073601910807,2
436,1,1,0,-1.180535207645204,1,2,1.7677408088510642,2
437,0,3,0,-0.6425863043961658,2,2,0.04370821849987721,2
438,1,2,0,-0.41203677443229225,2,3,-0.2708962687904854,2
439,0,1,1,2.661956958419355,1,4,4.647001076532463,2
440,0,2,1,0.12591212881674602,0,0,-0.43700743807979686,2
441,1,2,0,1.2018099353148226,1,1,-0.11988611489111134,2
442,0,3,1,-0.719436147717457,0,0,-0.45714212526638004,2
443,0,3,1,-0.33518693111100106,1,0,-0.4918744606632361,2
444,1,2,0,-0.10463740114712752,0,0,-0.3866707201133388,2
445,1,3,1,-0.10463740114712752,0,0,-0.48507900373776425,2
446,1,1,1,-1.949033640858116,0,2,0.9997696105865636,2
447,1,2,0,-1.2573850509664952,0,1,-0.255795253400548,2
448,1,1,1,0.35646165878061953,0,0,-0.11384570873513637,2
449,1,3,0,-1.8721837975368247,2,1,-0.26066180729354516,0
450,1,1,1,1.7397588385638607,0,0,-0.034313694348132716,2
451,0,2,1,0.5101613454232019,1,2,-0.08968408411123653,2
452,0,3,1,-0.10463740114712752,1,0,-0.2463983948905696,2
453,0,1,1,0.04906228549545483,0,0,-0.08968408411123653,0
454,1,1,1,1.5092093085999871,1,0,1.145663540471827,0
455,0,3,1,-0.10463740114712752,0,0,-0.4863374216869257,2
456,1,3,1,-0.027787557825836348,0,0,-0.4894421904510968,0
457,0,1,1,2.738806801740646,0,0,-0.11384570873513637,2
458,1,1,0,-0.10463740114712752,1,0,0.395813560675251,2
459,1,2,0,1.5860591519212783,0,0,-0.43700743807979686,2
460,0,3,1,-0.10463740114712752,0,0,-0.49237782784290063,1
461,1,1,1,1.432359465278696,0,0,-0.11384570873513637,2
462,0,3,1,0.35646165878061953,0,0,-0.4863374216869257,2
463,0,1,1,1.3555096219574048,0,0,0.12676380314453292,2
464,0,2,1,1.432359465278696,0,0,-0.3866707201133388,2
465,0,3,1,-0.10463740114712752,0,0,-0.4863374216869257,2
466,0,3,1,0.6638610320657843,0,0,-0.5064721088735089,2
467,0,2,1,-0.10463740114712752,0,0,-0.6484216535389205,2
468,0,1,1,2.0471582118490255,0,0,-0.11384570873513637,2
469,0,3,1,-0.10463740114712752,0,0,-0.4928811950225652,1
470,1,3,0,-2.1987956316523123,2,1,-0.26066180729354516,0
471,0,3,1,-0.10463740114712752,0,0,-0.5024451714361923,2
472,0,3,1,0.6638610320657843,0,0,-0.47400492578514347,2
473,1,2,0,0.27961181545932834,1,2,-0.08968408411123653,2
474,1,2,0,-0.48888661775358344,0,0,-0.3707300882677209,0
475,0,3,0,-0.5657364610748746,0,0,-0.45034666834090825,2
476,0,1,1,-0.10463740114712752,0,0,0.39858208016340624,2
477,0,2,1,0.35646165878061953,1,0,-0.22559322262067316,2
478,0,3,1,-0.027787557825836348,1,0,-0.5065566745596926,2
479,0,3,1,-0.5657364610748746,0,0,-0.4969926981460655,2
480,1,3,0,-2.1027333275006983,0,1,-0.4010166847337793,2
481,0,3,1,-1.56478442425166,5,2,0.2958951755118318,2
482,0,2,1,-0.10463740114712752,0,0,-0.6484216535389205,2
483,0,3,1,1.5860591519212783,0,0,-0.4863374216869257,2
484,1,3,0,2.585107115098064,0,0,-0.455380340137554,2
485,1,1,1,-0.33518693111100106,1,0,1.1854295476653287,0
486,0,3,0,-0.10463740114712752,3,1,-0.13565761536436197,2
487,1,1,0,0.4333115021019107,1,0,1.163700193253568,2
488,0,1,1,2.200857898491608,0,0,-0.05042144409739929,0
489,0,3,1,0.04906228549545483,0,0,-0.4863374216869257,2
490,1,3,1,-1.56478442425166,1,1,-0.32828012727224753,2
491,0,3,1,-0.10463740114712752,1,0,-0.2463983948905696,2
492,0,3,1,-0.6425863043961658,0,0,-0.5024451714361923,2
493,0,1,1,1.9703083685277343,0,0,-0.034313694348132716,2
494,0,1,1,3.1999058616683933,0,0,0.3483299278831318,0
495,0,3,1,-0.6425863043961658,0,0,-0.4863374216869257,2
496,0,3,1,-0.10463740114712752,0,0,-0.3573083057891445,0
497,1,1,0,1.893458525206443,1,0,0.9274538680872313,0
498,0,3,1,-0.10463740114712752,0,0,-0.3443878770215141,2
499,0,1,0,-0.33518693111100106,1,2,2.4029901895877646,2
500,0,3,1,-0.41203677443229225,0,0,-0.49145565916975514,2
501,0,3,1,-0.9499856776813305,0,0,-0.47400492578514347,2
502,0,3,0,-0.6425863043961658,0,0,-0.49237782784290063,1
503,0,3,0,-0.10463740114712752,0,0,-0.4948100980550399,1
504,0,3,0,0.5870111887444931,0,0,-0.455380340137554,2
505,1,1,0,-1.0268355210026217,0,0,1.093228788100527,2
506,0,1,1,-0.8731358343600393,1,0,1.5442457810799908,0
507,1,2,0,0.27961181545932834,0,2,-0.12491978668775715,2
508,1,1,1,-0.10463740114712752,0,0,-0.11384570873513637,2
509,0,3,1,-0.10463740114712752,0,0,-0.1948878246611338,2
510,1,3,1,-0.2583370877897099,0,0,0.48910360681684706,2
511,1,3,1,-0.027787557825836348,0,0,-0.49237782784290063,1
512,0,3,1,-0.10463740114712752,0,0,-0.4863374216869257,2
513,1,1,1,0.5101613454232019,0,0,-0.11913106412161445,2
514,1,1,0,1.893458525206443,1,0,0.5475787653441219,0
515,0,3,1,-0.41203677443229225,0,0,-0.4974960653257301,2
516,0,1,1,1.3555096219574048,0,0,0.036576512298389464,2
517,1,2,0,0.35646165878061953,0,0,-0.43700743807979686,2
518,0,3,1,-0.10463740114712752,0,0,-0.1621689579829361,1
519,1,2,0,0.5101613454232019,1,0,-0.12491978668775715,2
520,0,3,1,0.20276197213803718,0,0,-0.4894421904510968,2
521,1,1,0,0.04906228549545483,0,0,1.2341715984066093,2
522,0,3,1,-0.5657364610748746,0,0,-0.4894421904510968,2
523,0,3,1,-0.10463740114712752,0,0,-0.5029485386158568,0
524,1,1,0,1.1249600919935314,0,1,0.5189714017894245,0
525,0,3,1,-0.10463740114712752,0,0,-0.5028639729296732,0
526,0,3,1,0.8559856403690123,0,0,-0.49237782784290063,1
527,1,2,0,1.5860591519212783,0,0,-0.43700743807979686,2
528,0,1,1,-0.10463740114712752,0,0,3.817033162951754,2
529,0,3,1,0.7407108753870755,0,0,-0.4888542575852486,2
530,0,2,1,-0.48888661775358344,2,1,-0.41687275089321363,2
531,1,2,0,-2.1027333275006983,1,1,-0.12491978668775715,2
532,0,3,1,-0.10463740114712752,0,0,-0.5028639729296732,0
533,0,3,1,-0.9499856776813305,1,1,-0.5028639729296732,0
534,1,3,0,-0.10463740114712752,0,2,-0.19824427701513722,0
535,0,3,0,0.04906228549545483,0,0,-0.47400492578514347,2
536,1,2,0,-1.7184841108942424,0,2,-0.11988611489111134,2
537,0,1,1,1.2018099353148226,0,0,-0.11384570873513637,2
538,1,1,0,0.04906228549545483,0,0,1.4944124302931971,0
539,0,3,1,-0.10463740114712752,0,0,-0.35646868933346404,2
540,1,1,0,-0.5657364610748746,0,2,0.3482453621969482,0
541,1,1,0,0.5101613454232019,0,2,0.7811411367084872,2
542,0,3,0,-1.56478442425166,4,2,-0.01870931177853076,2
543,0,3,0,-1.4110847376090776,4,2,-0.01870931177853076,2
544,1,2,1,0.20276197213803718,1,0,-0.12491978668775715,2
545,0,1,1,1.5860591519212783,1,0,1.4944124302931971,0
546,0,1,1,2.661956958419355,0,0,-0.12491978668775715,2
547,1,2,0,-0.7962859910387481,1,0,-0.12491978668775715,2
548,1,2,1,-0.10463740114712752,0,0,-0.3693045524149108,0
549,0,3,1,0.27961181545932834,1,1,-0.2351571990343002,2
550,1,2,1,-1.6416342675729512,1,1,0.09152810056801232,2
551,1,1,1,-0.9499856776813305,0,2,1.5841789061771412,0
552,0,2,1,-0.1814872444684187,0,0,-0.12491978668775715,2
553,0,3,1,-0.10463740114712752,0,0,-0.49078316061772326,1
554,1,3,1,-0.5657364610748746,0,0,-0.5029485386158568,0
555,1,3,0,-0.5657364610748746,0,0,-0.4918744606632361,2
556,0,1,1,2.5082572717767726,0,0,-0.11384570873513637,2
557,1,1,0,1.432359465278696,1,0,0.1489119590497745,0
558,0,1,1,-0.10463740114712752,0,0,3.9327230485884233,0
559,1,1,0,0.7407108753870755,1,1,0.955306180872432,2
560,1,3,0,0.5101613454232019,1,0,-0.29807809649237277,2
561,0,3,1,-0.10463740114712752,0,0,-0.49237782784290063,1
562,0,3,1,0.8175607187083667,0,0,-0.4894421904510968,2
563,0,2,1,-0.10463740114712752,0,0,-0.3766033765200472,2
564,0,3,1,-0.10463740114712752,0,0,-0.4863374216869257,2
565,0,3,0,-0.10463740114712752,0,0,-0.4863374216869257,2
566,0,3,1,-0.41203677443229225,2,0,-0.1621689579829361,2
567,0,3,1,-0.7962859910387481,0,0,-0.4894421904510968,2
568,0,3,0,-0.027787557825836348,0,4,-0.22408312108167944,2
569,0,3,1,-0.10463740114712752,0,0,-0.5028639729296732,0
570,1,3,1,0.20276197213803718,0,0,-0.4902797934380587,2
571,1,2,1,2.5082572717767726,0,0,-0.43700743807979686,2
572,1,1,0,1.816608681885152,2,0,0.38809593507663365,2
573,1,1,1,0.5101613454232019,0,0,-0.11711759540295616,2
574,1,3,0,-0.10463740114712752,0,0,-0.49237782784290063,1
575,0,3,1,-1.0268355210026217,0,0,-0.4863374216869257,2
576,0,3,1,-0.7962859910387481,0,0,-0.35646868933346404,2
577,1,2,0,0.35646165878061953,0,0,-0.3866707201133388,2
578,1,1,0,0.7407108753870755,1,0,0.4771073601910807,2
579,0,3,0,-0.10463740114712752,1,0,-0.3573083057891445,0
580,1,3,1,0.20276197213803718,0,0,-0.4888542575852486,2
581,1,2,0,-0.33518693111100106,1,1,-0.04438103794142432,2
582,1,1,0,0.7407108753870755,1,1,1.5841789061771412,0
583,0,2,1,1.893458525206443,0,0,-0.12491978668775715,2
584,0,1,1,0.5101613454232019,0,0,0.15948266982273065,0
585,0,3,1,-0.10463740114712752,0,0,-0.47299819142581434,0
586,1,1,0,-0.8731358343600393,0,2,0.955306180872432,2
587,0,2,1,1.3555096219574048,0,0,-0.3464013457401724,2
588,1,1,1,2.3545575851341902,1,1,0.9462455716384695,0
589,0,3,1,-0.5657364610748746,0,0,-0.4863374216869257,2
590,0,3,1,-0.10463740114712752,0,0,-0.4863374216869257,2
591,0,3,1,0.4333115021019107,0,0,-0.5049620073345151,2
592,1,1,0,1.7397588385638607,1,0,0.9274538680872313,0
593,0,3,1,1.3555096219574048,0,0,-0.5024451714361923,2
594,0,3,0,-0.10463740114712752,0,2,-0.49237782784290063,1
595,0,2,1,0.5870111887444931,1,0,-0.12491978668775715,2
596,0,3,1,0.5101613454232019,1,1,-0.1621689579829361,2
597,1,2,0,-0.10463740114712752,0,0,0.016023023618325298,2
598,0,3,1,1.5092093085999871,0,0,-0.6484216535389205,2
599,0,3,1,-0.10463740114712752,0,0,-0.5029485386158568,0
600,1,1,1,1.5092093085999871,1,0,0.49782998024351216,0
601,1,2,0,-0.41203677443229225,2,1,-0.10478509950117394,2
602,0,3,1,-0.10463740114712752,0,0,-0.4894421904510968,2
603,0,1,1,-0.10463740114712752,0,0,0.2052890831722074,2
604,0,3,1,1.1249600919935314,0,0,-0.4863374216869257,2
605,1,1,1,0.4333115021019107,0,0,-0.11384570873513637,0
606,0,3,1,0.5101613454232019,1,0,-0.3353272677875516,2
607,0,3,1,0.04906228549545483,0,0,-0.4894421904510968,2
608,1,1,1,-0.1814872444684187,0,0,-0.034313694348132716,2
609,1,2,0,-0.5657364610748746,1,2,0.18876253192945994,0
610,1,1,0,0.8175607187083667,0,0,2.441497778832105,2
611,0,3,0,0.7407108753870755,1,5,-0.01870931177853076,2
612,0,3,1,-0.10463740114712752,0,0,-0.5064721088735089,2
613,1,3,0,-0.10463740114712752,1,0,-0.3363340021468808,1
614,0,3,1,-0.10463740114712752,0,0,-0.49237782784290063,1
615,0,3,1,0.4333115021019107,0,0,-0.4863374216869257,2
616,1,2,0,-0.41203677443229225,1,2,0.6603330135889879,2
617,0,3,1,0.35646165878061953,1,1,-0.35848215805212236,2
618,0,3,0,-0.2583370877897099,1,0,-0.32425318983493084,2
619,1,2,0,-1.949033640858116,2,1,0.13683114673782454,2
620,0,2,1,-0.2583370877897099,0,0,-0.43700743807979686,2
621,0,3,1,-0.1814872444684187,1,0,-0.3573908580066095,0
622,1,1,1,0.9712604053509489,1,0,0.40974072380221066,2
623,1,3,1,-0.719436147717457,1,1,-0.33146744825388363,0
624,0,3,1,-0.6425863043961658,0,0,-0.4902797934380587,2
625,0,3,1,-0.6425863043961658,0,0,-0.32425318983493084,2
626,0,1,1,2.4314074284554814,0,0,0.002347544081197954,2
627,0,2,1,2.1240080551703167,0,0,-0.3997582667846179,1
628,1,1,0,-0.6425863043961658,0,0,0.921244330558889,2
629,0,3,1,-0.2583370877897099,0,0,-0.4894421904510968,2
630,0,3,1,-0.10463740114712752,0,0,-0.49271407711891657,1
631,1,1,1,3.8915544515600136,0,0,-0.04438103794142432,2
632,0,3,1,1.6629089952425695,0,0,-0.5063875431873253,2
633,1,1,1,0.20276197213803718,0,0,-0.034313694348132716,0
634,0,1,1,-0.10463740114712752,0,0,-0.6484216535389205,2
635,0,3,0,-1.56478442425166,3,2,-0.08666388103324908,2
636,1,2,0,-0.10463740114712752,0,0,-0.3866707201133388,2
637,0,3,1,0.20276197213803718,0,0,-0.4888542575852486,2
638,0,2,1,0.12591212881674602,1,1,-0.11988611489111134,2
639,0,3,0,0.8944105620296577,0,5,0.1506737441786005,2
640,0,3,1,-0.10463740114712752,1,0,-0.32425318983493084,2
641,0,3,1,-0.719436147717457,0,0,-0.4902797934380587,2
642,1,1,0,-0.41203677443229225,0,0,0.7469121684912956,0
643,0,3,0,-2.1027333275006983,3,2,-0.08666388103324908,2
644,1,3,1,-0.10463740114712752,0,0,0.48910360681684706,2
645,1,3,0,-2.1987956316523123,2,1,-0.26066180729354516,0
646,1,1,1,1.432359465278696,1,0,0.8964967865378598,0
647,0,3,1,-0.7962859910387481,0,0,-0.4894421904510968,2
648,1,1,1,2.0471582118490255,0,0,0.06635974158478332,0
649,0,3,1,-0.10463740114712752,0,0,-0.49640476528021726,2
650,1,3,0,-0.48888661775358344,0,0,-0.49640476528021726,2
651,0,3,1,-0.10463740114712752,0,0,-0.4894421904510968,2
652,1,2,0,-0.8731358343600393,0,1,-0.18532384824750675,2
653,0,3,1,-0.6425863043961658,0,0,-0.47861979608830835,2
654,1,3,0,-0.10463740114712752,0,0,-0.49078316061772326,1
655,0,3,0,-0.8731358343600393,0,0,-0.5125125150294839,1
656,0,2,1,-0.41203677443229225,2,0,0.8314778546749452,2
657,0,3,1,-0.10463740114712752,0,0,-0.4894421904510968,2
658,0,3,0,0.20276197213803718,1,1,-0.3363340021468808,1
659,0,2,1,-0.48888661775358344,0,0,-0.3866707201133388,2
660,0,1,1,2.200857898491608,0,2,1.6323350375212924,0
661,1,1,1,1.5860591519212783,2,0,2.042579288947925,2
662,0,3,1,0.8175607187083667,0,0,-0.5029485386158568,0
663,0,1,1,1.3555096219574048,0,0,-0.13322534515222276,2
664,0,3,1,0.5101613454232019,0,0,-0.4974960653257301,2
665,1,3,1,-0.719436147717457,1,0,-0.4888542575852486,2
666,0,2,1,0.20276197213803718,2,0,0.8314778546749452,2
667,0,2,1,-0.33518693111100106,0,0,-0.3866707201133388,2
668,0,3,1,-0.10463740114712752,0,0,-0.4918744606632361,2
669,0,3,1,1.0481102486722402,0,0,-0.4863374216869257,2
670,1,1,0,-0.10463740114712752,1,0,0.39858208016340624,2
671,1,2,0,0.8175607187083667,1,1,0.13683114673782454,2
672,0,1,1,0.12591212881674602,1,0,0.39858208016340624,2
673,0,2,1,3.123056018347102,0,0,-0.43700743807979686,2
674,1,2,1,0.12591212881674602,0,0,-0.3866707201133388,2
675,0,2,1,-0.10463740114712752,0,0,-0.6484216535389205,2
676,0,3,1,-0.8731358343600393,0,0,-0.4918744606632361,2
677,0,3,1,-0.37361185277164666,0,0,-0.4863374216869257,2
678,1,3,0,-0.8731358343600393,0,0,-0.45026210265472455,2
679,0,3,0,1.0481102486722402,1,6,0.2958951755118318,2
680,1,1,1,0.5101613454232019,0,1,9.667166525013505,0
681,0,3,0,-0.10463740114712752,0,0,-0.48457563655809965,1
682,1,1,1,-0.1814872444684187,0,0,0.8964967865378598,0
683,0,3,1,-0.719436147717457,0,0,-0.4626791642426904,2
684,0,3,1,-1.180535207645204,5,2,0.2958951755118318,2
685,0,2,1,2.3545575851341902,1,1,0.13683114673782454,2
686,0,2,1,-0.33518693111100106,1,2,0.18876253192945994,0
687,0,3,1,-1.180535207645204,4,1,0.1506737441786005,2
688,0,3,1,-0.7962859910387481,0,0,-0.44363577710162005,2
689,0,3,1,-0.8731358343600393,0,0,-0.49145565916975514,2
690,1,1,0,-1.1036853643239128,0,1,3.6067927997556075,2
691,1,1,1,0.12591212881674602,1,0,0.49925551609632224,2
692,1,3,0,-1.949033640858116,0,1,-0.37828059596268965,0
693,1,3,1,-0.10463740114712752,0,0,0.48910360681684706,2
694,0,3,1,-0.33518693111100106,0,0,-0.5029485386158568,0
695,0,1,1,2.3545575851341902,0,0,-0.11384570873513637,2
696,0,2,1,1.7397588385638607,0,0,-0.3766033765200472,2
697,0,3,1,1.1249600919935314,0,0,-0.4863374216869257,2
698,1,3,0,-0.10463740114712752,0,0,-0.49271407711891657,1
699,0,1,1,1.5092093085999871,1,1,1.5841789061771412,0
700,0,3,1,0.9712604053509489,0,0,-0.494391296561559,2
701,1,1,0,-0.8731358343600393,1,0,3.9327230485884233,0
702,1,1,1,0.4333115021019107,0,0,-0.11913106412161445,2
703,0,3,0,-0.8731358343600393,0,1,-0.3573908580066095,0
704,0,3,1,-0.33518693111100106,0,0,-0.4925449457465493,1
705,0,3,1,-0.2583370877897099,1,0,-0.4902797934380587,2
706,0,2,1,0.7407108753870755,0,0,-0.12491978668775715,2
707,1,2,0,1.2018099353148226,0,0,-0.3766033765200472,2
708,1,1,1,0.9712604053509489,0,0,-0.11913106412161445,2
709,1,1,0,-0.5657364610748746,0,0,2.4029901895877646,2
710,1,3,1,-0.10463740114712752,1,1,-0.3414522396297103,0
711,1,1,0,-0.41203677443229225,0,0,0.3483299278831318,0
712,0,1,1,-0.10463740114712752,0,0,-0.11384570873513637,2
713,1,1,1,1.432359465278696,1,0,0.39858208016340624,2
714,0,3,1,-0.027787557825836348,0,0,-0.457478374542396,2
715,0,2,1,1.7397588385638607,0,0,-0.3866707201133388,2
716,0,3,1,-0.7962859910387481,0,0,-0.494391296561559,2
717,1,1,0,0.6638610320657843,0,0,3.9327230485884233,0
718,1,2,0,-0.1814872444684187,0,0,-0.43700743807979686,2
719,0,3,1,-0.10463740114712752,0,0,-0.3363340021468808,1
720,0,3,1,0.27961181545932834,0,0,-0.4918744606632361,2
721,1,2,0,-1.7953339542155335,0,1,0.016023023618325298,2
722,0,3,1,-0.9499856776813305,1,0,-0.5063875431873253,2
723,0,2,1,0.35646165878061953,0,0,-0.3866707201133388,2
724,0,2,1,1.5860591519212783,0,0,-0.3866707201133388,2
725,1,1,1,-0.1814872444684187,1,0,0.4207302360686478,2
726,0,3,1,-0.719436147717457,0,0,-0.47400492578514347,2
727,1,2,0,0.04906228549545483,3,0,-0.22559322262067316,2
728,1,3,0,-0.10463740114712752,0,0,-0.4926295114327329,1
729,0,2,1,-0.33518693111100106,1,0,-0.12491978668775715,2
730,0,3,0,-0.33518693111100106,1,0,-0.4888542575852486,2
731,1,1,0,-0.027787557825836348,0,0,3.6067927997556075,2
732,0,3,1,-1.4110847376090776,0,0,-0.2701412180209885,0
733,0,2,1,-0.10463740114712752,0,0,-0.6484216535389205,2
734,0,2,1,-0.48888661775358344,0,0,-0.3866707201133388,2
735,0,2,1,-0.48888661775358344,0,0,-0.3866707201133388,2
736,0,3,1,-0.06621247948648194,0,0,-0.32425318983493084,2
737,0,3,0,1.432359465278696,1,3,0.04370821849987721,2
738,1,1,1,0.4333115021019107,0,0,9.667166525013505,0
739,0,3,1,-0.10463740114712752,0,0,-0.4894421904510968,2
740,0,3,1,-0.10463740114712752,0,0,-0.4894421904510968,2
741,1,1,1,-0.10463740114712752,0,0,-0.04438103794142432,2
742,0,1,1,0.5101613454232019,1,0,0.9391984311231651,2
743,1,1,0,-0.6425863043961658,2,2,4.634416897040849,0
744,0,3,1,-0.41203677443229225,1,0,-0.32425318983493084,2
745,1,3,1,0.12591212881674602,0,0,-0.4888542575852486,2
746,0,1,1,3.123056018347102,1,1,0.7811411367084872,2
747,0,3,1,-1.0268355210026217,1,1,-0.24069423801061057,2
748,1,2,0,0.04906228549545483,0,0,-0.3866707201133388,2
749,0,1,1,-0.7962859910387481,1,0,0.4207302360686478,2
750,0,3,1,0.12591212881674602,0,0,-0.49237782784290063,1
751,1,2,0,-1.949033640858116,1,1,-0.18532384824750675,2
752,1,3,1,-1.7953339542155335,0,1,-0.397241430886295,2
753,0,3,1,0.27961181545932834,0,0,-0.45714212526638004,2
754,0,3,1,-0.48888661775358344,0,0,-0.4894421904510968,2
755,1,2,0,1.432359465278696,1,2,0.6603330135889879,2
756,1,2,1,-2.204943619118015,1,1,-0.35646868933346404,2
757,0,3,1,-0.10463740114712752,0,0,-0.49145565916975514,2
758,0,2,1,-0.8731358343600393,0,0,-0.41687275089321363,2
759,0,3,1,0.35646165878061953,0,0,-0.4863374216869257,2
760,1,1,0,0.27961181545932834,0,0,1.093228788100527,2
761,0,3,1,-0.10463740114712752,0,0,-0.35646868933346404,2
762,0,3,1,0.8944105620296577,0,0,-0.5049620073345151,2
763,1,3,1,-0.719436147717457,0,0,-0.5028639729296732,0
764,1,1,0,0.5101613454232019,1,2,1.7677408088510642,2
765,0,3,1,-1.0268355210026217,0,0,-0.4918744606632361,2
766,1,1,0,1.6629089952425695,1,0,0.921244330558889,2
767,0,1,1,-0.10463740114712752,0,0,0.1489119590497745,0
768,0,3,0,0.08748720715610042,0,0,-0.49237782784290063,1
769,0,3,1,-0.10463740114712752,1,0,-0.1621689579829361,1
770,0,3,1,0.20276197213803718,0,0,-0.4800453319411184,2
771,0,3,1,-0.41203677443229225,0,0,-0.45714212526638004,2
772,0,3,1,1.432359465278696,0,0,-0.4902797934380587,2
773,0,2,0,2.1240080551703167,0,0,-0.43700743807979686,2
774,0,3,1,-0.10463740114712752,0,0,-0.5029485386158568,0
775,1,2,0,1.893458525206443,1,3,-0.18532384824750675,2
776,0,3,1,-0.8731358343600393,0,0,-0.49237782784290063,2
777,0,3,1,-0.10463740114712752,0,0,-0.49237782784290063,1
778,1,3,0,-1.8721837975368247,0,0,-0.397241430886295,2
779,0,3,1,-0.10463740114712752,0,0,-0.4926295114327329,1
780,1,1,0,1.0481102486722402,0,1,3.6067927997556075,2
781,1,3,0,-1.2573850509664952,0,0,-0.5028639729296732,0
782,1,1,0,-0.9499856776813305,1,0,0.49925551609632224,2
783,0,1,1,-0.027787557825836348,0,0,-0.04438103794142432,2
784,0,3,1,-0.10463740114712752,1,2,-0.17626323901354432,2
785,0,3,1,-0.33518693111100106,0,0,-0.5064721088735089,2
786,0,3,1,-0.33518693111100106,0,0,-0.5024451714361923,2
787,1,3,0,-0.8731358343600393,0,0,-0.4974960653257301,2
788,0,3,1,-1.6416342675729512,4,1,-0.06199888922968463,1
789,1,3,1,-2.1795831708219895,1,2,-0.23415046467497105,2
790,0,1,1,1.2786597786361138,0,0,0.9462455716384695,0
791,0,3,1,-0.10463740114712752,0,0,-0.49237782784290063,1
792,0,2,1,-1.0268355210026217,0,0,-0.12491978668775715,2
793,0,3,0,-0.10463740114712752,8,2,0.7519458402879414,2
794,0,1,1,-0.10463740114712752,0,0,-0.030371322596999754,0
795,0,3,1,-0.33518693111100106,0,0,-0.4894421904510968,2
796,0,2,1,0.7407108753870755,0,0,-0.3866707201133388,2
797,1,1,0,1.5092093085999871,0,0,-0.1263453225405672,2
798,1,3,0,0.12591212881674602,0,0,-0.4735861242916626,2
799,0,3,1,0.04906228549545483,0,0,-0.5028639729296732,0
800,0,3,0,0.04906228549545483,1,1,-0.1621689579829361,2
801,0,2,1,0.35646165878061953,0,0,-0.3866707201133388,2
802,1,2,0,0.12591212881674602,1,1,-0.11988611489111134,2
803,1,1,1,-1.4110847376090776,1,2,1.7677408088510642,2
804,1,3,1,-2.224156079948338,0,1,-0.47694056317694733,0
805,1,3,1,-0.1814872444684187,0,0,-0.5079822104125026,2
806,0,3,1,0.12591212881674602,0,0,-0.4918744606632361,2
807,0,1,1,0.7407108753870755,0,0,-0.6484216535389205,2
808,0,3,0,-0.8731358343600393,0,0,-0.4918744606632361,2
809,0,2,1,0.7407108753870755,0,0,-0.3866707201133388,2
810,1,1,0,0.27961181545932834,1,0,0.4207302360686478,2
811,0,3,1,-0.2583370877897099,0,0,-0.4896093083547455,2
812,0,3,1,0.7407108753870755,0,0,-0.1621689579829361,2
813,0,2,1,0.4333115021019107,0,0,-0.43700743807979686,2
814,0,3,0,-1.7953339542155335,4,2,-0.01870931177853076,2
815,0,3,1,0.08748720715610042,0,0,-0.4863374216869257,2
816,0,1,1,-0.10463740114712752,0,0,-0.6484216535389205,2
817,0,3,0,-0.48888661775358344,0,0,-0.4888542575852486,2
818,0,2,1,0.12591212881674602,1,1,0.09664633805084172,0
819,0,3,1,1.0481102486722402,0,0,-0.5185529211854588,2
820,0,3,1,-1.4879345809303688,3,2,-0.08666388103324908,2
821,1,1,0,1.7397588385638607,1,1,1.2341715984066093,2
822,1,3,1,-0.1814872444684187,0,0,-0.47400492578514347,2
823,0,1,1,0.6638610320657843,0,0,-0.6484216535389205,2
824,1,3,0,-0.1814872444684187,0,1,-0.397241430886295,2
825,0,3,1,-2.1027333275006983,4,1,0.1506737441786005,2
826,0,3,1,-0.10463740114712752,0,0,-0.5084855775921673,1
827,0,3,1,-0.10463740114712752,0,0,0.48910360681684706,2
828,1,2,1,-2.1795831708219895,0,2,0.09664633805084172,0
829,1,3,1,-0.10463740114712752,0,0,-0.49237782784290063,1
830,1,1,0,2.5082572717767726,0,0,0.962353321387736,2
831,1,3,0,-1.1036853643239128,1,0,-0.3573908580066095,0
832,1,2,1,-2.192647644186609,1,1,-0.2708962687904854,2
833,0,3,1,-0.10463740114712752,0,0,-0.5028639729296732,0
834,0,3,1,-0.48888661775358344,0,0,-0.4902797934380587,2
835,0,3,1,-0.8731358343600393,0,0,-0.48130374989027985,2
836,1,1,0,0.7407108753870755,1,1,1.0259447039291216,0
837,0,3,1,-0.6425863043961658,0,0,-0.47400492578514347,2
838,0,3,1,-0.10463740114712752,0,0,-0.4863374216869257,2
839,1,3,1,0.20276197213803718,0,0,0.48910360681684706,2
840,1,1,1,-0.10463740114712752,0,0,-0.05042144409739929,0
841,0,3,1,-0.719436147717457,0,0,-0.4888542575852486,2
842,0,2,1,-1.0268355210026217,0,0,-0.43700743807979686,2
843,1,1,0,0.04906228549545483,0,0,-0.024246350754841113,0
844,0,3,1,0.3948865804412651,0,0,-0.5188046047752911,0
845,0,3,1,-0.9499856776813305,0,0,-0.47400492578514347,2
846,0,3,1,0.9712604053509489,0,0,-0.49640476528021726,2
847,0,3,1,-0.10463740114712752,8,2,0.7519458402879414,2
848,0,3,1,0.4333115021019107,0,0,-0.4894421904510968,0
849,0,2,1,-0.10463740114712752,0,1,0.016023023618325298,2
850,1,1,0,-0.10463740114712752,1,0,1.145663540471827,0
851,0,3,1,-1.949033640858116,4,2,-0.01870931177853076,2
852,0,3,1,3.430455391632267,0,0,-0.4918744606632361,2
853,0,3,0,-1.56478442425166,1,1,-0.3414522396297103,0
854,1,1,0,-1.0268355210026217,0,1,0.14488502161245778,2
855,0,2,0,1.1249600919935314,1,0,-0.12491978668775715,2
856,1,3,0,-0.8731358343600393,0,1,-0.4601623283443675,2
857,1,1,0,1.2018099353148226,1,1,2.671117778445337,2
858,1,1,1,1.6629089952425695,0,0,-0.11384570873513637,2
859,1,3,0,-0.41203677443229225,0,3,-0.26066180729354516,0
860,0,3,1,-0.10463740114712752,0,0,-0.5028639729296732,0
861,0,3,1,0.8944105620296577,2,0,-0.36435544630444866,2
862,0,2,1,-0.6425863043961658,1,0,-0.41687275089321363,2
863,1,1,0,1.432359465278696,0,0,-0.1263453225405672,2
864,0,3,0,-0.10463740114712752,8,2,0.7519458402879414,2
865,0,2,1,-0.41203677443229225,0,0,-0.3866707201133388,2
866,1,2,0,0.9712604053509489,0,0,-0.3866707201133388,2
867,1,2,0,-0.1814872444684187,1,0,-0.3693891181010945,0
868,0,1,1,0.12591212881674602,0,0,0.3682954836973478,2
869,0,3,1,-0.10463740114712752,0,0,-0.45714212526638004,2
870,1,3,1,-1.949033640858116,1,1,-0.4242561406845337,2
871,0,3,1,-0.2583370877897099,0,0,-0.4894421904510968,2
872,1,1,0,1.3555096219574048,1,1,0.40974072380221066,2
873,0,1,1,0.27961181545932834,0,0,-0.5477482176060045,2
874,0,3,1,1.3555096219574048,0,0,-0.46720946885967163,2
875,1,2,0,-0.10463740114712752,1,0,-0.16518916106092355,0
876,1,3,0,-1.1036853643239128,0,0,-0.5029485386158568,0
877,0,3,1,-0.719436147717457,0,0,-0.45017955043725955,2
878,0,3,1,-0.7962859910387481,0,0,-0.4894421904510968,2
879,0,3,1,-0.10463740114712752,0,0,-0.4894421904510968,2
880,1,1,0,2.0471582118490255,0,1,1.0259447039291216,0
881,1,2,0,-0.33518693111100106,0,1,-0.12491978668775715,2
882,0,3,1,0.27961181545932834,0,0,-0.4894421904510968,2
883,0,3,0,-0.5657364610748746,0,0,-0.4366711888037809,2
884,0,2,1,-0.10463740114712752,0,0,-0.43700743807979686,2
885,0,3,1,-0.33518693111100106,0,0,-0.5064721088735089,2
886,0,3,0,0.7407108753870755,0,5,-0.06199888922968463,1
887,0,2,1,-0.1814872444684187,0,0,-0.3866707201133388,2
888,1,1,0,-0.7962859910387481,0,0,-0.04438103794142432,2
889,0,3,0,-0.10463740114712752,1,2,-0.17626323901354432,2
890,1,1,1,-0.2583370877897099,0,0,-0.04438103794142432,0
891,0,3,1,0.20276197213803718,0,0,-0.49237782784290063,1
